{
  "s": 124.8336,
  "y": 1128.67,
  "end_path_s": 0,
  "end_path_d": 0,
  "previous_path_y": [],
  "sensor_fusion": [
    [
      0,
      817.6062,
      1132.905,
      23.5875,
      -0.2455978,
      33.01413,
      2.023479
    ],
    [
      1,
      1029.072,
      1152.99,
      17.08941,
      7.069682,
      245.8449,
      5.990943
    ],
    [
      2,
      775.8,
      1429,
      0,
      0,
      6716.599,
      -282.9019
    ],
    [
      3,
      775.8,
      1432.9,
      0,
      0,
      6713.911,
      -285.7268
    ],
    [
      4,
      775.8,
      1436.3,
      0,
      0,
      6711.566,
      -288.1896
    ],
    [
      5,
      775.8,
      1441.7,
      0,
      0,
      6661.772,
      -291.7797
    ],
    [
      6,
      762.1,
      1421.6,
      0,
      0,
      6711.778,
      -268.0964
    ],
    [
      7,
      762.1,
      1425.2,
      0,
      0,
      6709.296,
      -270.7039
    ],
    [
      8,
      762.1,
      1429,
      0,
      0,
      6663.543,
      -273.1828
    ],
    [
      9,
      762.1,
      1432.9,
      0,
      0,
      6660.444,
      -275.5511
    ],
    [
      10,
      762.1,
      1436.3,
      0,
      0,
      6657.743,
      -277.6157
    ],
    [
      11,
      762.1,
      1441.7,
      0,
      0,
      6653.453,
      -280.8947
    ]
  ],
  "previous_path_x": [],
  "speed": 0,
  "yaw": 0,
  "x": 909.48,
  "d": 6.164833
}